,loc_tag,abundance
0,Rv2031c,139000
1,Rv3418c,107511
2,Rv0440,36903
3,Rv3874,16583
4,Rv3914,13705
5,Rv0652,11194
6,Rv3354,10674
7,Rv2244,9529
8,Rv0350,8951
9,Rv0685,7066
10,Rv1860,6874
11,Rv2376c,6198
12,Rv1926c,4233
13,Rv1133c,4079
14,Rv0814c,3967
15,Rv3118,3967
16,Rv3648c,3927
17,Rv3028c,3894
18,Rv2145c,3863
19,Rv3763,3773
20,Rv0125,3522
21,Rv0934,3461
22,Rv2220,3412
23,Rv1886c,3241
24,Rv2744c,3210
25,Rv3875,3169
26,Rv0379,3138
27,Rv2780,3070
28,Rv0475,3027
29,Rv3248c,2937
30,Rv1827,2919
31,Rv3804c,2873
32,Rv1177,2666
33,Rv2111c,2630
34,Rv2986c,2624
35,Rv1636,2621
36,Rv1498A,2600
37,Rv3846,2600
38,Rv1388,2599
39,Rv3716c,2364
40,Rv3029c,2325
41,Rv3841,2271
42,Rv3678A,2196
43,Rv1980c,2174
44,Rv0683,2172
45,Rv2623,2158
46,Rv0009,2135
47,Rv3269,2133
48,Rv2632c,2122
49,Rv3457c,2113
50,Rv1932,2094
51,Rv1872c,2032
52,Rv2904c,2028
53,Rv1211,2018
54,Rv2215,1968
55,Rv2140c,1965
56,Rv0896,1936
57,Rv2159c,1930
58,Rv1308,1898
59,Rv1310,1882
60,Rv0278c,1878
61,Rv1392,1829
62,Rv1738,1824
63,Rv0733,1820
64,Rv2889c,1815
65,Rv0054,1807
66,Rv0363c,1800
67,Rv1411c,1736
68,Rv0703,1731
69,Rv3458c,1726
70,Rv0833,1701
71,Rv0053,1697
72,Rv1074c,1684
73,Rv3849,1674
74,Rv2396,1660
75,Rv3803c,1647
76,Rv1908c,1628
77,Rv3045,1620
78,Rv3628,1607
79,Rv2461c,1580
80,Rv3224,1574
81,Rv3461c,1560
82,Rv3417c,1533
83,Rv0129c,1518
84,Rv3597c,1505
85,Rv1098c,1493
86,Rv2882c,1486
87,Rv0708,1483
88,Rv1270c,1483
89,Rv3592,1465
90,Rv1479,1435
91,Rv2909c,1435
92,Rv1837c,1432
93,Rv3389c,1411
94,Rv2875,1410
95,Rv0351,1406
96,Rv0315,1401
97,Rv0432,1399
98,Rv2185c,1394
99,Rv1080c,1386
100,Rv0020c,1363
101,Rv1436,1346
102,Rv0719,1341
103,Rv0569,1328
104,Rv3208A,1322
105,Rv1732c,1319
106,Rv0831c,1308
107,Rv0716,1300
108,Rv3865,1284
109,Rv3312A,1280
110,Rv1448c,1276
111,Rv0951,1273
112,Rv3285,1271
113,Rv2442c,1268
114,Rv1818c,1241
115,Rv0721,1234
116,Rv1475c,1213
117,Rv0815c,1208
118,Rv3117,1208
119,Rv3774,1202
120,Rv2302,1202
121,Rv1023,1198
122,Rv1441c,1195
123,Rv0577,1191
124,Rv3801c,1182
125,Rv0884c,1174
126,Rv0706,1157
127,Rv2245,1155
128,Rv1174c,1155
129,Rv0055,1151
130,Rv2749,1140
131,Rv1390,1140
132,Rv0580c,1140
133,Rv0761c,1138
134,Rv0979A,1127
135,Rv0710,1126
136,Rv1352,1120
137,Rv3460c,1118
138,Rv0714,1118
139,Rv2465c,1114
140,Rv0952,1112
141,Rv2890c,1110
142,Rv2785c,1106
143,Rv0636,1103
144,Rv0250c,1099
145,Rv0462,1090
146,Rv0632c,1084
147,Rv1466,1082
148,Rv0860,1079
149,Rv1094,1079
150,Rv3442c,1071
151,Rv2626c,1068
152,Rv0066c,1065
153,Rv0701,1052
154,Rv2520c,1038
155,Rv3678c,1035
156,Rv3456c,1025
157,Rv0709,1023
158,Rv3001c,1015
159,Rv2971,1007
160,Rv0705,1002
161,Rv0704,994
162,Rv0715,986
163,Rv3800c,985
164,Rv0243,983
165,Rv0211,974
166,Rv1017c,968
167,Rv2246,968
168,Rv0722,962
169,Rv0707,955
170,Rv0718,950
171,Rv0242c,941
172,Rv1449c,939
173,Rv0148,934
174,Rv0640,919
175,Rv1309,917
176,Rv2699c,912
177,Rv3246c,903
178,Rv3699,899
179,Rv0634B,897
180,Rv3196A,896
181,Rv0285,892
182,Rv1159A,892
183,Rv1626,890
184,Rv1876,885
185,Rv0500,884
186,Rv0824c,873
187,Rv2945c,866
188,Rv0668,860
189,Rv1984c,859
190,Rv1596,856
191,Rv1630,855
192,Rv1843c,854
193,Rv3274c,853
194,Rv2301,849
195,Rv3676,844
196,Rv2211c,842
197,Rv3283,841
198,Rv0566c,826
199,Rv2204c,824
200,Rv3036c,822
201,Rv1284,821
202,Rv0341,805
203,Rv0467,804
204,Rv2445c,802
205,Rv2346c,800
206,Rv1093,792
207,Rv2996c,787
208,Rv3280,786
209,Rv2441c,783
210,Rv3046c,782
211,Rv1919c,782
212,Rv0702,781
213,Rv2460c,780
214,Rv1298,779
215,Rv0859,779
216,Rv3718c,774
217,Rv0248c,771
218,Rv2783c,770
219,Rv3462c,766
220,Rv2241,762
221,Rv2202c,759
222,Rv2878c,756
223,Rv1488,756
224,Rv3881c,753
225,Rv0287,746
226,Rv0738,746
227,Rv0667,742
228,Rv2831,741
229,Rv0186A,734
230,Rv0641,734
231,Rv2603c,729
232,Rv2908c,723
233,Rv2969c,723
234,Rv3489,723
235,Rv3880c,723
236,Rv2711,722
237,Rv1198,717
238,Rv1637c,713
239,Rv0247c,711
240,Rv1240,711
241,Rv3075c,709
242,Rv0798c,707
243,Rv1201c,702
244,Rv0651,702
245,Rv0932c,699
246,Rv0044c,695
247,Rv0684,695
248,Rv0635,689
249,Rv0183,689
250,Rv3584,688
251,Rv2995c,687
252,Rv0723,680
253,Rv1893,676
254,Rv2109c,675
255,Rv0468,672
256,Rv1078,672
257,Rv1646,671
258,Rv0384c,668
259,Rv2467,668
260,Rv2296,667
261,Rv2110c,666
262,Rv1037c,666
263,Rv3619c,666
264,Rv3867,663
265,Rv1558,656
266,Rv3669,654
267,Rv0642c,654
268,Rv1015c,653
269,Rv0925c,652
270,Rv3443c,651
271,Rv2557,650
272,Rv0164,638
273,Rv2258c,635
274,Rv1261c,632
275,Rv3509c,631
276,Rv3561,628
277,Rv0251c,627
278,Rv0984,622
279,Rv0288,621
280,Rv3161c,621
281,Rv2952,621
282,Rv1438,614
283,Rv2940c,612
284,Rv2428,605
285,Rv1070c,598
286,Rv2412,598
287,Rv0931c,595
288,Rv0928,594
289,Rv1925,593
290,Rv2534c,589
291,Rv3459c,588
292,Rv3596c,588
293,Rv1643,585
294,Rv1324,585
295,Rv0639,583
296,Rv0700,582
297,Rv0002,581
298,Rv1323,573
299,Rv2773c,573
300,Rv2873,573
301,Rv3747,567
302,Rv0720,564
303,Rv0730,562
304,Rv2091c,561
305,Rv0655,561
306,Rv0056,559
307,Rv3311,559
308,Rv2260,559
309,Rv0036c,556
310,Rv1306,555
311,Rv2195,555
312,Rv2298,553
313,Rv1328,553
314,Rv0957,551
315,Rv1144,548
316,Rv0682,545
317,Rv2721c,544
318,Rv3583c,544
319,Rv0270,542
320,Rv2462c,538
321,Rv2720,536
322,Rv3221A,535
323,Rv1274,535
324,Rv1197,534
325,Rv0088,529
326,Rv1311,529
327,Rv2280,527
328,Rv1297,527
329,Rv2521,526
330,Rv1038c,524
331,Rv0801,523
332,Rv2941,522
333,Rv1305,516
334,Rv1855c,515
335,Rv1099c,514
336,Rv1793,506
337,Rv1269c,506
338,Rv2050,501
339,Rv2928,501
340,Rv1489,500
341,Rv3722c,499
342,Rv2582,499
343,Rv1611,499
344,Rv3133c,497
345,Rv3390,496
346,Rv3788,496
347,Rv0873,495
348,Rv2347c,494
349,Rv1813c,494
350,Rv2868c,492
351,Rv1437,491
352,Rv2769c,487
353,Rv2299c,486
354,Rv1641,485
355,Rv1122,484
356,Rv0637,483
357,Rv3620c,483
358,Rv0147,481
359,Rv3018A,481
360,Rv1703c,478
361,Rv2222c,472
362,Rv0469,471
363,Rv2524c,467
364,Rv1180,465
365,Rv3734c,461
366,Rv0905,459
367,Rv1617,458
368,Rv0643c,457
369,Rv0333,454
370,Rv0548c,453
371,Rv0360c,451
372,Rv3587c,449
373,Rv2634c,448
374,Rv1295,445
375,Rv3616c,440
376,Rv0670,440
377,Rv1511,438
378,Rv0352,437
379,Rv0644c,437
380,Rv3615c,436
381,Rv0503c,433
382,Rv0046c,432
383,Rv3720,431
384,Rv1871c,428
385,Rv1829,426
386,Rv3780,423
387,Rv0559c,422
388,Rv2861c,418
389,Rv2476c,418
390,Rv0500A,417
391,Rv1181,417
392,Rv3043c,417
393,Rv0968,416
394,Rv0871,416
395,Rv3547,415
396,Rv0234c,414
397,Rv3169,412
398,Rv2247,410
399,Rv1248c,409
400,Rv3281,406
401,Rv0787A,406
402,Rv0810c,404
403,Rv1484,401
404,Rv2453c,397
405,Rv2606c,397
406,Rv2200c,395
407,Rv1543,395
408,Rv0282,394
409,Rv1071c,393
410,Rv2054,392
411,Rv3852,392
412,Rv2468c,386
413,Rv2487c,386
414,Rv0231,384
415,Rv3356c,383
416,Rv1544,383
417,Rv1404,382
418,Rv3572,381
419,Rv1079,381
420,Rv0189c,381
421,Rv2406c,381
422,Rv2187,381
423,Rv2150c,380
424,Rv2477c,377
425,Rv3099c,376
426,Rv3273,376
427,Rv1468c,375
428,Rv2172c,375
429,Rv1223,373
430,Rv3410c,373
431,Rv2703,372
432,Rv0005,371
433,Rv0172,371
434,Rv0524,369
435,Rv3709c,368
436,Rv2229c,368
437,Rv2919c,367
438,Rv3463,366
439,Rv1869c,366
440,Rv0007,366
441,Rv0291,365
442,Rv2213,364
443,Rv1794,364
444,Rv2992c,363
445,Rv2094c,362
446,Rv0470c,361
447,Rv0583c,360
448,Rv2259,360
449,Rv1335,359
450,Rv1483,359
451,Rv3295,357
452,Rv1612,357
453,Rv2676c,355
454,Rv2564,354
455,Rv1077,353
456,Rv0678,352
457,Rv3011c,350
458,Rv0271c,349
459,Rv1001,349
460,Rv2778c,348
461,Rv0283,347
462,Rv1771,345
463,Rv2061c,344
464,Rv3708c,343
465,Rv0426c,342
466,Rv3044,342
467,Rv2766c,342
468,Rv0455c,340
469,Rv2074,340
470,Rv3139,340
471,Rv3400,340
472,Rv3825c,340
473,Rv2504c,340
474,Rv3193c,339
475,Rv2239c,337
476,Rv0946c,337
477,Rv1638A,336
478,Rv0889c,336
479,Rv3224B,336
480,Rv3528c,334
481,Rv2005c,333
482,Rv0458,332
483,Rv2629,332
484,Rv0154c,332
485,Rv0562,331
486,Rv3692,331
487,Rv2935,331
488,Rv0489,331
489,Rv2674,330
490,Rv2509,330
491,Rv1091,329
492,Rv2466c,328
493,Rv3710,327
494,Rv2556c,327
495,Rv2753c,327
496,Rv3102c,325
497,Rv3890c,325
498,Rv3009c,325
499,Rv0686,324
500,Rv0443,323
501,Rv3868,323
502,Rv0753c,322
503,Rv0854,320
504,Rv2454c,320
505,Rv2391,319
506,Rv3223c,319
507,Rv0174,319
508,Rv1613,318
509,Rv1906c,317
510,Rv1594,315
511,Rv3127,313
512,Rv2536,313
513,Rv0504c,311
514,Rv3146,311
515,Rv2987c,311
516,Rv2196,311
517,Rv0479c,311
518,Rv2444c,309
519,Rv2373c,309
520,Rv1658,309
521,Rv3519,308
522,Rv2068c,308
523,Rv2032,308
524,Rv2697c,307
525,Rv0474,305
526,Rv2427c,305
527,Rv2615c,305
528,Rv2895c,305
529,Rv2178c,305
530,Rv1435c,304
531,Rv0173,304
532,Rv1875,303
533,Rv2007c,303
534,Rv0411c,301
535,Rv1810,300
536,Rv3143,299
537,Rv3891c,298
538,Rv0227c,297
539,Rv0954,297
540,Rv2691,296
541,Rv3105c,294
542,Rv3917c,294
543,Rv3006,294
544,Rv3150,292
545,Rv0321,292
546,Rv2210c,291
547,Rv0170,291
548,Rv2250A,291
549,Rv3668c,290
550,Rv0774c,290
551,Rv3310,289
552,Rv3010c,288
553,Rv0757,288
554,Rv1192,288
555,Rv2226,287
556,Rv1454c,286
557,Rv0157,286
558,Rv2993c,286
559,Rv2334,286
560,Rv0400c,286
561,Rv1608c,285
562,Rv1920,285
563,Rv3818,283
564,Rv3850,283
565,Rv0281,283
566,Rv0731c,283
567,Rv0120c,282
568,Rv1325c,282
569,Rv2927c,282
570,Rv0331,281
571,Rv3799c,280
572,Rv2858c,279
573,Rv2716,279
574,Rv0993,278
575,Rv0751c,276
576,Rv3368c,276
577,Rv3588c,276
578,Rv1836c,276
579,Rv0464c,276
580,Rv3464,275
581,Rv3570c,275
582,Rv0525,274
583,Rv2535c,274
584,Rv1307,274
585,Rv0284,272
586,Rv1202,272
587,Rv2327,272
588,Rv3388,271
589,Rv1996,270
590,Rv2694c,270
591,Rv2654c,269
592,Rv1856c,268
593,Rv2576c,266
594,Rv1314c,266
595,Rv1463,265
596,Rv3140,265
597,Rv1677,265
598,Rv1340,264
599,Rv2951c,263
600,Rv3264c,263
601,Rv3401,261
602,Rv3240c,261
603,Rv0983,260
604,Rv1443c,260
605,Rv0383c,258
606,Rv0418,257
607,Rv2857c,256
608,Rv2224c,255
609,Rv0638,255
610,Rv0634A,255
611,Rv1416,254
612,Rv3151,253
613,Rv1749c,253
614,Rv1601,252
615,Rv2131c,252
616,Rv1559,252
617,Rv0144,251
618,Rv2939,250
619,Rv0675,250
620,Rv3920c,249
621,Rv3411c,248
622,Rv0688,248
623,Rv1770,248
624,Rv2166c,247
625,Rv1377c,247
626,Rv3304,246
627,Rv0677c,245
628,Rv3318,245
629,Rv1275,245
630,Rv0141c,245
631,Rv2495c,244
632,Rv3205c,244
633,Rv0155,243
634,Rv0788,242
635,Rv0927c,240
636,Rv1821,240
637,Rv1185c,240
638,Rv0390,240
639,Rv1301,239
640,Rv3671c,239
641,Rv0006,239
642,Rv1103c,239
643,Rv0237,239
644,Rv1409,239
645,Rv2416c,238
646,Rv1220c,238
647,Rv1245c,237
648,Rv3913,236
649,Rv0532,236
650,Rv0530,236
651,Rv3141,234
652,Rv2194,234
653,Rv2970c,233
654,Rv0244c,233
655,Rv1107c,232
656,Rv0241c,232
657,Rv1381,232
658,Rv3680,232
659,Rv1676,230
660,Rv1642,229
661,Rv3255c,228
662,Rv0717,228
663,Rv0309,228
664,Rv0180c,228
665,Rv0290,228
666,Rv0546c,227
667,Rv0167,226
668,Rv3614c,225
669,Rv3040c,225
670,Rv1060,224
671,Rv1731,224
672,Rv0357c,224
673,Rv3214,224
674,Rv0759c,224
675,Rv2498c,224
676,Rv3853,223
677,Rv3336c,222
678,Rv0169,221
679,Rv0613c,221
680,Rv3872,221
681,Rv2839c,221
682,Rv0672,221
683,Rv0407,220
684,Rv1109c,219
685,Rv3033,218
686,Rv1832,218
687,Rv3816c,218
688,Rv3755c,218
689,Rv0799c,218
690,Rv3477,216
691,Rv3396c,216
692,Rv2175c,216
693,Rv2959c,215
694,Rv3369,215
695,Rv0398c,215
696,Rv1627c,214
697,Rv2953,214
698,Rv0645c,214
699,Rv2901c,214
700,Rv0008c,213
701,Rv0880,213
702,Rv2216,213
703,Rv1339,212
704,Rv2555c,212
705,Rv0171,212
706,Rv0190,212
707,Rv0898c,210
708,Rv3270,210
709,Rv0466,209
710,Rv1751,209
711,Rv1117,208
712,Rv1398c,207
713,Rv2883c,207
714,Rv3623,206
715,Rv0821c,205
716,Rv1193,205
717,Rv2579,204
718,Rv3012c,204
719,Rv1294,204
720,Rv2672,204
721,Rv2588c,203
722,Rv1334,203
723,Rv1234,203
724,Rv0863,201
725,Rv1599,201
726,Rv3237c,200
727,Rv2271,200
728,Rv2922A,200
729,Rv0933,198
730,Rv3556c,198
731,Rv0512,198
732,Rv3153,197
733,Rv3688c,197
734,Rv1652,196
735,Rv1993c,196
736,Rv2429,195
737,Rv2430c,195
738,Rv1383,194
739,Rv2765,194
740,Rv1379,194
741,Rv0903c,193
742,Rv2845c,193
743,Rv1782,193
744,Rv2129c,192
745,Rv2563,192
746,Rv3340,192
747,Rv0073,192
748,Rv0206c,191
749,Rv0391,191
750,Rv0216,190
751,Rv3791,190
752,Rv0444c,190
753,Rv1445c,189
754,Rv3038c,189
755,Rv0198c,189
756,Rv1880c,189
757,Rv2141c,189
758,Rv3206c,189
759,Rv1780,188
760,Rv2158c,188
761,Rv3154,187
762,Rv2157c,186
763,Rv3276c,185
764,Rv2455c,185
765,Rv0769,184
766,Rv3423c,184
767,Rv2799,183
768,Rv2911,183
769,Rv2198c,182
770,Rv2887,182
771,Rv1654,182
772,Rv0786c,182
773,Rv3058c,181
774,Rv0433,181
775,Rv3147,181
776,Rv3159c,180
777,Rv3854c,180
778,Rv3534c,179
779,Rv2949c,178
780,Rv2357c,178
781,Rv2214c,178
782,Rv3888c,178
783,Rv2161c,178
784,Rv3705c,178
785,Rv0511,178
786,Rv1067c,178
787,Rv0319,176
788,Rv0119,174
789,Rv1400c,174
790,Rv3634c,174
791,Rv2294,174
792,Rv3149,174
793,Rv0439c,174
794,Rv0981,173
795,Rv3520c,173
796,Rv0734,173
797,Rv2367c,172
798,Rv0865,172
799,Rv2265,172
800,Rv3148,172
801,Rv2338c,171
802,Rv0853c,171
803,Rv2841c,171
804,Rv2680,171
805,Rv3224A,171
806,Rv0818,170
807,Rv3339c,170
808,Rv2359,169
809,Rv3048c,169
810,Rv2888c,169
811,Rv1396c,169
812,Rv0127,169
813,Rv1408,169
814,Rv1267c,168
815,Rv3465,168
816,Rv0332,168
817,Rv2030c,168
818,Rv3200c,168
819,Rv0175,167
820,Rv1423,167
821,Rv0126,165
822,Rv1609,164
823,Rv2614c,164
824,Rv2122c,164
825,Rv1464,164
826,Rv3568c,163
827,Rv2675c,163
828,Rv2595,162
829,Rv2097c,162
830,Rv2345,162
831,Rv1656,161
832,Rv2575,161
833,Rv2916c,160
834,Rv3485c,160
835,Rv0576,159
836,Rv1521,159
837,Rv2740,159
838,Rv0146,158
839,Rv0034,158
840,Rv3090,157
841,Rv0403c,157
842,Rv0178,157
843,Rv2790c,156
844,Rv1292,156
845,Rv0041,156
846,Rv1614,156
847,Rv1825,156
848,Rv1380,155
849,Rv0780,155
850,Rv3256c,155
851,Rv3742c,155
852,Rv1531,155
853,Rv0188,155
854,Rv1218c,154
855,Rv2330c,154
856,Rv0429c,154
857,Rv2121c,153
858,Rv3876,153
859,Rv3051c,153
860,Rv0956,152
861,Rv1097c,152
862,Rv2572c,152
863,Rv0445c,152
864,Rv2475c,152
865,Rv3198A,151
866,Rv1362c,151
867,Rv2290,151
868,Rv2449c,151
869,Rv0647c,150
870,Rv3864,150
871,Rv1504c,150
872,Rv3646c,150
873,Rv1106c,150
874,Rv3575c,150
875,Rv1412,149
876,Rv0347,149
877,Rv0168,149
878,Rv2955c,149
879,Rv0187,149
880,Rv2859c,148
881,Rv2692,148
882,Rv2679,148
883,Rv3869,148
884,Rv0249c,148
885,Rv0011c,148
886,Rv2113,148
887,Rv2936,147
888,Rv2605c,147
889,Rv1683,147
890,Rv2098c,146
891,Rv0230c,146
892,Rv1650,146
893,Rv1056,146
894,Rv1603,146
895,Rv2496c,146
896,Rv2560,145
897,Rv1911c,145
898,Rv3491,144
899,Rv0694,144
900,Rv3137,144
901,Rv2114,144
902,Rv0505c,143
903,Rv3778c,143
904,Rv3871,143
905,Rv3667,142
906,Rv0338c,142
907,Rv2394,141
908,Rv0200,141
909,Rv0356c,141
910,Rv2219,141
911,Rv2853,140
912,Rv1593c,140
913,Rv0140,140
914,Rv3879c,140
915,Rv1899c,139
916,Rv1082,139
917,Rv0423c,139
918,Rv3213c,138
919,Rv1815,138
920,Rv1229c,138
921,Rv2448c,138
922,Rv2965c,137
923,Rv0308,137
924,Rv3726,137
925,Rv1746,136
926,Rv0040c,136
927,Rv1327c,135
928,Rv1007c,135
929,Rv0263c,135
930,Rv0334,134
931,Rv2291,134
932,Rv3134c,134
933,Rv2289,134
934,Rv2683,134
935,Rv2272,134
936,Rv2405,133
937,Rv0097,133
938,Rv1910c,133
939,Rv1978,133
940,Rv3392c,133
941,Rv0969,133
942,Rv2718c,133
943,Rv0911,132
944,Rv3050c,132
945,Rv0079,131
946,Rv3130c,131
947,Rv3131,131
948,Rv0803,131
949,Rv0292,130
950,Rv3208,130
951,Rv2002,130
952,Rv3376,130
953,Rv1783,130
954,Rv1206,130
955,Rv3921c,130
956,Rv2410c,130
957,Rv0067c,130
958,Rv2933,130
959,Rv3015c,129
960,Rv3261,129
961,Rv3210c,128
962,Rv2860c,128
963,Rv0813c,128
964,Rv2923c,128
965,Rv2607,128
966,Rv1021,128
967,Rv2838c,126
968,Rv3197,126
969,Rv1391,126
970,Rv1175c,126
971,Rv1216c,126
972,Rv1450c,126
973,Rv2589,126
974,Rv2193,125
975,Rv1923,125
976,Rv3569c,125
977,Rv2789c,125
978,Rv3826,125
979,Rv3432c,125
980,Rv1680,125
981,Rv0131c,125
982,Rv2881c,124
983,Rv3436c,124
984,Rv0042c,124
985,Rv3859c,124
986,Rv2981c,124
987,Rv0634c,124
988,Rv2967c,123
989,Rv1901,123
990,Rv1397c,123
991,Rv2142c,123
992,Rv2251,122
993,Rv1260,122
994,Rv1826,122
995,Rv3651,122
996,Rv1602,122
997,Rv3661,122
998,Rv0063,121
999,Rv2182c,121
1000,Rv0222,121
1001,Rv1419,121
1002,Rv2984,121
1003,Rv0001,120
1004,Rv2989,120
1005,Rv1368,120
1006,Rv1452c,120
1007,Rv3503c,119
1008,Rv3302c,119
1009,Rv2731,119
1010,Rv1239c,119
1011,Rv3607c,119
1012,Rv3719,119
1013,Rv3490,119
1014,Rv3873,118
1015,Rv2447c,118
1016,Rv0450c,118
1017,Rv1196,118
1018,Rv1471,118
1019,Rv2284,118
1020,Rv1447c,117
1021,Rv0497,117
1022,Rv1238,117
1023,Rv1909c,117
1024,Rv2314c,117
1025,Rv1852,117
1026,Rv3866,117
1027,Rv0018c,116
1028,Rv3478,115
1029,Rv0013,115
1030,Rv2668,115
1031,Rv2183c,115
1032,Rv2934,115
1033,Rv2238c,115
1034,Rv0431,114
1035,Rv3384c,114
1036,Rv0389,114
1037,Rv1655,114
1038,Rv0493c,114
1039,Rv2208,114
1040,Rv3907c,113
1041,Rv0676c,113
1042,Rv2135c,113
1043,Rv0130,113
1044,Rv1113,113
1045,Rv0296c,112
1046,Rv3672c,112
1047,Rv1795,112
1048,Rv0760c,111
1049,Rv0410c,111
1050,Rv2237A,111
1051,Rv0939,111
1052,Rv2658c,111
1053,Rv2590,111
1054,Rv1833c,110
1055,Rv2243,110
1056,Rv3003c,109
1057,Rv2528c,109
1058,Rv2906c,109
1059,Rv1667c,109
1060,Rv3608c,109
1061,Rv0564c,109
1062,Rv2627c,108
1063,Rv2988c,108
1064,Rv3114,108
1065,Rv1629,108
1066,Rv0392c,108
1067,Rv0062,108
1068,Rv1304,108
1069,Rv2493,107
1070,Rv2696c,107
1071,Rv3284,107
1072,Rv3683,106
1073,Rv1708,106
1074,Rv3582c,106
1075,Rv1481,105
1076,Rv3536c,105
1077,Rv0538,105
1078,Rv0547c,105
1079,Rv1268c,105
1080,Rv3702c,105
1081,Rv1737c,104
1082,Rv0077c,104
1083,Rv3136,104
1084,Rv3820c,104
1085,Rv1006,103
1086,Rv1345,103
1087,Rv2422,103
1088,Rv0224c,103
1089,Rv2554c,103
1090,Rv1217c,103
1091,Rv1820,103
1092,Rv0108c,103
1093,Rv0966c,103
1094,Rv0545c,103
1095,Rv3580c,102
1096,Rv1556,102
1097,Rv1679,102
1098,Rv1891,102
1099,Rv0800,102
1100,Rv2387,101
1101,Rv1689,101
1102,Rv2786c,101
1103,Rv2597,101
1104,Rv2392,101
1105,Rv0491,101
1106,Rv2500c,101
1107,Rv0533c,100
1108,Rv3772,100
1109,Rv0480c,99
1110,Rv3091,99
1111,Rv3438,99
1112,Rv0078A,99
1113,Rv3767c,98
1114,Rv0864,98
1115,Rv2438c,98
1116,Rv1536,98
1117,Rv1957,98
1118,Rv3451,98
1119,Rv3863,97
1120,Rv0153c,97
1121,Rv0207c,97
1122,Rv1959c,97
1123,Rv0477,97
1124,Rv3790,96
1125,Rv1045,96
1126,Rv3230c,96
1127,Rv0176,96
1128,Rv0858c,96
1129,Rv0096,96
1130,Rv1387,95
1131,Rv1513,95
1132,Rv2754c,95
1133,Rv1184c,95
1134,Rv0272c,95
1135,Rv0940c,94
1136,Rv1898,94
1137,Rv1598c,94
1138,Rv2624c,94
1139,Rv0590,94
1140,Rv0711,94
1141,Rv1341,94
1142,Rv1194c,94
1143,Rv2568c,94
1144,Rv3858c,93
1145,Rv0317c,93
1146,Rv2323c,93
1147,Rv3761c,93
1148,Rv0014c,92
1149,Rv3819,92
1150,Rv2558,92
1151,Rv0156,92
1152,Rv3068c,91
1153,Rv2855,91
1154,Rv0985c,91
1155,Rv1326c,91
1156,Rv1874,91
1157,Rv3682,91
1158,Rv1628c,91
1159,Rv3624c,90
1160,Rv1145,90
1161,Rv1276c,90
1162,Rv2750,90
1163,Rv1210,90
1164,Rv3910,90
1165,Rv3600c,89
1166,Rv2065,89
1167,Rv0181c,89
1168,Rv3514,89
1169,Rv3025c,89
1170,Rv0794c,89
1171,Rv2724c,89
1172,Rv3508,89
1173,Rv0809,89
1174,Rv0785,89
1175,Rv2206,88
1176,Rv1604,88
1177,Rv1653,88
1178,Rv1665,88
1179,Rv0687,88
1180,Rv3723,88
1181,Rv0787,88
1182,Rv3227,88
1183,Rv2207,87
1184,Rv2315c,87
1185,Rv3342,87
1186,Rv3882c,87
1187,Rv0820,87
1188,Rv2619c,87
1189,Rv3042c,87
1190,Rv3679,87
1191,Rv0262c,86
1192,Rv3155,86
1193,Rv1143,86
1194,Rv2565,86
1195,Rv0451c,86
1196,Rv3119,86
1197,Rv1570,86
1198,Rv2503c,86
1199,Rv0437c,86
1200,Rv3610c,86
1201,Rv0301,86
1202,Rv1476,86
1203,Rv1266c,85
1204,Rv2115c,85
1205,Rv2364c,85
1206,Rv1415,85
1207,Rv2586c,85
1208,Rv2625c,85
1209,Rv1154c,85
1210,Rv0476,85
1211,Rv2932,84
1212,Rv2537c,84
1213,Rv0554,84
1214,Rv3211,84
1215,Rv1142c,84
1216,Rv0560c,84
1217,Rv0795,83
1218,Rv1370c,83
1219,Rv1757c,83
1220,Rv1763,83
1221,Rv2105,83
1222,Rv2168c,83
1223,Rv2278,83
1224,Rv2354,83
1225,Rv2480c,83
1226,Rv2648,83
1227,Rv2815c,83
1228,Rv3184,83
1229,Rv3186,83
1230,Rv3325,83
1231,Rv3381c,83
1232,Rv3474,83
1233,Rv0654,83
1234,Rv3441c,83
1235,Rv1008,83
1236,Rv0412c,83
1237,Rv2801A,83
1238,Rv0203,83
1239,Rv1659,83
1240,Rv0265c,83
1241,Rv2037c,82
1242,Rv0568,82
1243,Rv1446c,82
1244,Rv2700,82
1245,Rv2473,82
1246,Rv3579c,82
1247,Rv0015c,82
1248,Rv3483c,81
1249,Rv3189,81
1250,Rv3328c,81
1251,Rv3684,81
1252,Rv2844,81
1253,Rv2118c,81
1254,Rv2930,81
1255,Rv0825c,81
1256,Rv1386,81
1257,Rv3633,81
1258,Rv2134c,81
1259,Rv1013,80
1260,Rv1315,80
1261,Rv0361,80
1262,Rv2112c,79
1263,Rv1303,79
1264,Rv3315c,79
1265,Rv1507c,79
1266,Rv3132c,79
1267,Rv1170,79
1268,Rv1857,79
1269,Rv0457c,79
1270,Rv1713,78
1271,Rv0575c,78
1272,Rv0192,78
1273,Rv1155,78
1274,Rv3717,78
1275,Rv3194c,78
1276,Rv1512,78
1277,Rv2701c,78
1278,Rv1797,78
1279,Rv2604c,78
1280,Rv2921c,77
1281,Rv0068,77
1282,Rv2149c,77
1283,Rv3775,77
1284,Rv1672c,77
1285,Rv1190,76
1286,Rv1896c,76
1287,Rv3809c,76
1288,Rv3495c,76
1289,Rv2035,76
1290,Rv0953c,76
1291,Rv2954c,76
1292,Rv0048c,76
1293,Rv2710,76
1294,Rv1914c,75
1295,Rv2693c,75
1296,Rv3673c,75
1297,Rv3303c,75
1298,Rv1789,75
1299,Rv1161,74
1300,Rv3212,74
1301,Rv1769,74
1302,Rv2511,74
1303,Rv0899,74
1304,Rv1699,73
1305,Rv0877,73
1306,Rv0236A,73
1307,Rv2894c,73
1308,Rv0177,73
1309,Rv2322c,73
1310,Rv1124,73
1311,Rv2999,72
1312,Rv2587c,72
1313,Rv3061c,72
1314,Rv2123,72
1315,Rv1257c,72
1316,Rv2714,72
1317,Rv0689c,72
1318,Rv0866,72
1319,Rv0523c,72
1320,Rv3535c,72
1321,Rv0910,71
1322,Rv0835,71
1323,Rv2402,71
1324,Rv1293,71
1325,Rv0669c,71
1326,Rv2601,71
1327,Rv1981c,71
1328,Rv2739c,71
1329,Rv1126c,71
1330,Rv2540c,71
1331,Rv1156,71
1332,Rv0679c,71
1333,Rv3292,71
1334,Rv1263,71
1335,Rv3332,71
1336,Rv3002c,71
1337,Rv0994,70
1338,Rv1336,70
1339,Rv3566c,70
1340,Rv3834c,70
1341,Rv3290c,70
1342,Rv3301c,70
1343,Rv2502c,70
1344,Rv1700,70
1345,Rv1179c,70
1346,Rv2950c,70
1347,Rv2788,69
1348,Rv2567,69
1349,Rv1058,69
1350,Rv1682,69
1351,Rv3041c,69
1352,Rv0123,69
1353,Rv0724,69
1354,Rv2869c,69
1355,Rv2270,69
1356,Rv1219c,68
1357,Rv2543,68
1358,Rv3306c,68
1359,Rv0604,68
1360,Rv2842c,68
1361,Rv1346,68
1362,Rv2058c,68
1363,Rv2130c,68
1364,Rv3409c,67
1365,Rv3581c,67
1366,Rv3887c,67
1367,Rv2046,67
1368,Rv1922,67
1369,Rv3275c,67
1370,Rv2240c,67
1371,Rv1458c,67
1372,Rv3404c,67
1373,Rv2034,67
1374,Rv1096,67
1375,Rv2151c,67
1376,Rv0461,66
1377,Rv3842c,66
1378,Rv2538c,66
1379,Rv3781,66
1380,Rv2171,66
1381,Rv2051c,66
1382,Rv2574,66
1383,Rv1191,66
1384,Rv3802c,66
1385,Rv1480,66
1386,Rv0498,65
1387,Rv3838c,65
1388,Rv1299,65
1389,Rv0563,65
1390,Rv2029c,65
1391,Rv3493c,64
1392,Rv2622,64
1393,Rv1232c,64
1394,Rv2931,64
1395,Rv3902c,64
1396,Rv2892c,64
1397,Rv3107c,63
1398,Rv2152c,63
1399,Rv0496,63
1400,Rv0773c,63
1401,Rv3721c,63
1402,Rv1442,63
1403,Rv1590,63
1404,Rv2457c,63
1405,Rv3244c,63
1406,Rv2470,63
1407,Rv0599c,63
1408,Rv1152,63
1409,Rv3808c,63
1410,Rv1072,63
1411,Rv0081,63
1412,Rv2257c,63
1413,Rv1514c,62
1414,Rv3786c,62
1415,Rv1915,62
1416,Rv0513,62
1417,Rv0342,62
1418,Rv3598c,62
1419,Rv1361c,62
1420,Rv1958c,62
1421,Rv3439c,62
1422,Rv2793c,62
1423,Rv2212,62
1424,Rv1112,62
1425,Rv3813c,61
1426,Rv0161,61
1427,Rv0909,61
1428,Rv1854c,61
1429,Rv1209,61
1430,Rv0134,61
1431,Rv0902c,61
1432,Rv1747,60
1433,Rv2409c,60
1434,Rv1623c,60
1435,Rv3609c,60
1436,Rv1018c,60
1437,Rv0844c,60
1438,Rv2403c,60
1439,Rv0601c,60
1440,Rv1693,60
1441,Rv2363,60
1442,Rv2837c,60
1443,Rv2581c,60
1444,Rv0777,60
1445,Rv3086,60
1446,Rv0137c,60
1447,Rv2197c,59
1448,Rv0508,59
1449,Rv0072,59
1450,Rv3696c,59
1451,Rv3152,59
1452,Rv2523c,59
1453,Rv2584c,59
1454,Rv1688,59
1455,Rv2613c,59
1456,Rv2083,58
1457,Rv3106,58
1458,Rv3659c,58
1459,Rv2510c,58
1460,Rv3498c,58
1461,Rv2143,58
1462,Rv3713,58
1463,Rv2374c,58
1464,Rv1546,58
1465,Rv0484c,58
1466,Rv1163,58
1467,Rv2533c,58
1468,Rv2155c,58
1469,Rv3870,58
1470,Rv1767,57
1471,Rv2956,57
1472,Rv1428c,57
1473,Rv0052,57
1474,Rv1288,57
1475,Rv3877,57
1476,Rv2713,57
1477,Rv0118c,57
1478,Rv0166,57
1479,Rv1296,56
1480,Rv3546,56
1481,Rv3768,56
1482,Rv3908,56
1483,Rv1912c,55
1484,Rv1812c,55
1485,Rv1044,55
1486,Rv2228c,55
1487,Rv0149,55
1488,Rv3777,55
1489,Rv0888,55
1490,Rv0139,55
1491,Rv3744,55
1492,Rv2850c,55
1493,Rv2982c,55
1494,Rv2043c,55
1495,Rv1638,55
1496,Rv2715,55
1497,Rv3039c,55
1498,Rv0298,54
1499,Rv1571,54
1500,Rv1092c,54
1501,Rv0274,54
1502,Rv3320c,54
1503,Rv1916,54
1504,Rv2501c,54
1505,Rv1798,54
1506,Rv1265,54
1507,Rv3307,54
1508,Rv1962A,54
1509,Rv3824c,54
1510,Rv3759c,53
1511,Rv1968,53
1512,Rv2702,53
1513,Rv1406,53
1514,Rv1712,53
1515,Rv3268,53
1516,Rv2319c,53
1517,Rv0830,53
1518,Rv2913c,53
1519,Rv1384,53
1520,Rv0047c,52
1521,Rv0019c,52
1522,Rv2400c,52
1523,Rv1807,52
1524,Rv2059,52
1525,Rv2569c,52
1526,Rv0791c,52
1527,Rv2490c,52
1528,Rv2963,52
1529,Rv2673,52
1530,Rv1178,52
1531,Rv1213,51
1532,Rv3241c,51
1533,Rv2028c,51
1534,Rv2526,51
1535,Rv0199,51
1536,Rv0223c,51
1537,Rv3795,51
1538,Rv0266c,51
1539,Rv1105,51
1540,Rv2184c,50
1541,Rv3526,50
1542,Rv3319,50
1543,Rv3886c,50
1544,Rv1707,50
1545,Rv1966,50
1546,Rv1883c,50
1547,Rv1600,50
1548,Rv2225,49
1549,Rv3231c,49
1550,Rv2203,49
1551,Rv1061,49
1552,Rv3687c,49
1553,Rv0776c,49
1554,Rv3906c,49
1555,Rv3433c,49
1556,Rv3814c,49
1557,Rv1182,49
1558,Rv3754,49
1559,Rv3279c,48
1560,Rv2681,48
1561,Rv3658c,48
1562,Rv0526,48
1563,Rv3101c,48
1564,Rv3079c,48
1565,Rv3878,48
1566,Rv0202c,48
1567,Rv3215,48
1568,Rv1885c,48
1569,Rv1538c,48
1570,Rv1566c,48
1571,Rv1962c,48
1572,Rv1633,48
1573,Rv1467c,48
1574,Rv1533,48
1575,Rv3448,47
1576,Rv2976c,47
1577,Rv1130,47
1578,Rv2482c,47
1579,Rv3883c,47
1580,Rv0958,47
1581,Rv3157,47
1582,Rv0421c,47
1583,Rv3293,47
1584,Rv3257c,47
1585,Rv3142c,47
1586,Rv0972c,47
1587,Rv3807c,47
1588,Rv2795c,47
1589,Rv1165,47
1590,Rv1849,47
1591,Rv2708c,47
1592,Rv2726c,46
1593,Rv1498c,46
1594,Rv0913c,46
1595,Rv1187,46
1596,Rv0543c,46
1597,Rv3796,46
1598,Rv3779,46
1599,Rv2420c,46
1600,Rv3089,45
1601,Rv0456c,45
1602,Rv1668c,45
1603,Rv1459c,45
1604,Rv2343c,45
1605,Rv0300,45
1606,Rv3314c,45
1607,Rv0767c,45
1608,Rv3407,45
1609,Rv0314c,45
1610,Rv2411c,44
1611,Rv0805,44
1612,Rv3644c,44
1613,Rv2525c,44
1614,Rv0427c,44
1615,Rv2148c,44
1616,Rv2305,44
1617,Rv1523,44
1618,Rv2096c,44
1619,Rv0394c,44
1620,Rv0159c,44
1621,Rv1160,44
1622,Rv3321c,44
1623,Rv0238,44
1624,Rv1222,43
1625,Rv3323c,43
1626,Rv1564c,43
1627,Rv2937,43
1628,Rv0060,43
1629,Rv3758c,43
1630,Rv2508c,43
1631,Rv1991c,43
1632,Rv1363c,43
1633,Rv3593,43
1634,Rv3313c,43
1635,Rv1778c,43
1636,Rv0311,43
1637,Rv2985,43
1638,Rv0486,43
1639,Rv1527c,42
1640,Rv0772,42
1641,Rv0104,42
1642,Rv0740,42
1643,Rv1497,42
1644,Rv2419c,42
1645,Rv0516c,42
1646,Rv3014c,42
1647,Rv1230c,42
1648,Rv2593c,42
1649,Rv1944c,42
1650,Rv0435c,42
1651,Rv3372,42
1652,Rv3004,42
1653,Rv3054c,42
1654,Rv0565c,42
1655,Rv0697,41
1656,Rv0163,41
1657,Rv2395,41
1658,Rv1938,41
1659,Rv1529,41
1660,Rv2439c,41
1661,Rv0558,41
1662,Rv2784c,41
1663,Rv1287,41
1664,Rv2580c,40
1665,Rv2358,40
1666,Rv1684,40
1667,Rv3218,40
1668,Rv0428c,40
1669,Rv1830,40
1670,Rv2138,40
1671,Rv2350c,40
1672,Rv2486,40
1673,Rv3104c,40
1674,Rv1244,40
1675,Rv1586c,40
1676,Rv2137c,40
1677,Rv3750c,40
1678,Rv1878,40
1679,Rv0819,40
1680,Rv2377c,40
1681,Rv2360c,39
1682,Rv2781c,39
1683,Rv2499c,39
1684,Rv0074,39
1685,Rv3383c,39
1686,Rv3764c,39
1687,Rv1280c,39
1688,Rv0303,39
1689,Rv0045c,39
1690,Rv1286,39
1691,Rv3297,39
1692,Rv0861c,39
1693,Rv1462,39
1694,Rv3748,38
1695,Rv0473,38
1696,Rv0552,38
1697,Rv0313,38
1698,Rv2230c,38
1699,Rv0712,38
1700,Rv1235,38
1701,Rv0514,38
1702,Rv0948c,38
1703,Rv0663,38
1704,Rv1887,38
1705,Rv1905c,38
1706,Rv0424c,38
1707,Rv3715c,38
1708,Rv3515c,38
1709,Rv2497c,37
1710,Rv2903c,37
1711,Rv3309c,37
1712,Rv1316c,37
1713,Rv0507,37
1714,Rv0478,37
1715,Rv1329c,37
1716,Rv0510,36
1717,Rv3563,36
1718,Rv1331,36
1719,Rv1508c,36
1720,Rv2071c,36
1721,Rv1084,36
1722,Rv3695,36
1723,Rv2153c,36
1724,Rv3207c,36
1725,Rv1779c,36
1726,Rv0574c,36
1727,Rv0316,36
1728,Rv3627c,36
1729,Rv3685c,36
1730,Rv0555,36
1731,Rv2256c,36
1732,Rv0408,36
1733,Rv1649,36
1734,Rv2922c,35
1735,Rv1762c,35
1736,Rv1322,35
1737,Rv1100,35
1738,Rv1640c,35
1739,Rv1465,35
1740,Rv2090,35
1741,Rv1695,35
1742,Rv2048c,35
1743,Rv1884c,35
1744,Rv2092c,35
1745,Rv0617,35
1746,Rv3272,35
1747,Rv2307B,35
1748,Rv1848,34
1749,Rv2431c,34
1750,Rv0955,34
1751,Rv0405,34
1752,Rv3364c,34
1753,Rv3602c,34
1754,Rv1721c,34
1755,Rv0901,34
1756,Rv1568,34
1757,Rv1019,34
1758,Rv0673,34
1759,Rv0229c,34
1760,Rv3305c,34
1761,Rv1215c,34
1762,Rv2342,34
1763,Rv0295c,34
1764,Rv0906,33
1765,Rv1011,33
1766,Rv1847,33
1767,Rv2006,33
1768,Rv2426c,33
1769,Rv3516,33
1770,Rv3505,33
1771,Rv3298c,33
1772,Rv3299c,33
1773,Rv2421c,33
1774,Rv1692,33
1775,Rv3565,33
1776,Rv3545c,33
1777,Rv1696,33
1778,Rv0943c,33
1779,Rv3265c,33
1780,Rv3706c,33
1781,Rv0870c,33
1782,Rv0158,33
1783,Rv2004c,33
1784,Rv1990c,33
1785,Rv1279,33
1786,Rv3497c,33
1787,Rv2464c,33
1788,Rv3203,33
1789,Rv2139,32
1790,Rv0570,32
1791,Rv2962c,32
1792,Rv3282,32
1793,Rv2818c,32
1794,Rv1977,32
1795,Rv3522,32
1796,Rv3629c,32
1797,Rv0023,32
1798,Rv0571c,32
1799,Rv0872c,32
1800,Rv0310c,32
1801,Rv1470,32
1802,Rv2067c,32
1803,Rv0996,32
1804,Rv1461,32
1805,Rv2942,32
1806,Rv0811c,32
1807,Rv0598c,32
1808,Rv0992c,32
1809,Rv3604c,31
1810,Rv1894c,31
1811,Rv1242,31
1812,Rv1492,31
1813,Rv1846c,31
1814,Rv3168,31
1815,Rv1631,31
1816,Rv2527,31
1817,Rv2451,31
1818,Rv0817c,31
1819,Rv3562,31
1820,Rv2843,31
1821,Rv1333,31
1822,Rv3502c,31
1823,Rv3480c,30
1824,Rv1493,30
1825,Rv1743,30
1826,Rv0732,30
1827,Rv1796,30
1828,Rv0482,30
1829,Rv2103c,30
1830,Rv0616A,30
1831,Rv1474c,30
1832,Rv3479,30
1833,Rv3773c,30
1834,Rv3063,30
1835,Rv2732c,30
1836,Rv0501,30
1837,Rv3232c,30
1838,Rv1561,30
1839,Rv1987,30
1840,Rv1131,30
1841,Rv0208c,30
1842,Rv2677c,30
1843,Rv2095c,30
1844,Rv1774,29
1845,Rv3603c,29
1846,Rv2344c,29
1847,Rv1086,29
1848,Rv3373,29
1849,Rv1427c,29
1850,Rv2297,29
1851,Rv2253,29
1852,Rv2281,29
1853,Rv2531c,29
1854,Rv2553c,29
1855,Rv2000,29
1856,Rv2117,29
1857,Rv1487,29
1858,Rv2991,29
1859,Rv2633c,29
1860,Rv0758,29
1861,Rv2042c,29
1862,Rv2611c,28
1863,Rv2751,28
1864,Rv2682c,28
1865,Rv2801c,28
1866,Rv1025,28
1867,Rv2080,28
1868,Rv1095,28
1869,Rv3446c,28
1870,Rv1162,28
1871,Rv3618,28
1872,Rv2001,28
1873,Rv2738c,28
1874,Rv3504,28
1875,Rv3805c,28
1876,Rv0999,28
1877,Rv3413c,28
1878,Rv0038,28
1879,Rv3732,28
1880,Rv1320c,28
1881,Rv0727c,28
1882,Rv3837c,28
1883,Rv0608,28
1884,Rv0681,27
1885,Rv2174,27
1886,Rv2874,27
1887,Rv1844c,27
1888,Rv0091,27
1889,Rv1264,27
1890,Rv3543c,27
1891,Rv2566,27
1892,Rv2678c,27
1893,Rv0926c,27
1894,Rv2384,27
1895,Rv1141c,27
1896,Rv2884,27
1897,Rv1003,26
1898,Rv1928c,26
1899,Rv2828c,26
1900,Rv1399c,26
1901,Rv0197,26
1902,Rv0713,26
1903,Rv0349,26
1904,Rv3324c,26
1905,Rv3245c,26
1906,Rv0186,26
1907,Rv2201,26
1908,Rv1592c,26
1909,Rv2980,26
1910,Rv2417c,26
1911,Rv2852c,26
1912,Rv1083,26
1913,Rv3219,26
1914,Rv0914c,26
1915,Rv3322c,26
1916,Rv0075,26
1917,Rv0050,25
1918,Rv0330c,25
1919,Rv1942c,25
1920,Rv2036,25
1921,Rv0535,25
1922,Rv2717c,25
1923,Rv3163c,25
1924,Rv3793,25
1925,Rv2734,25
1926,Rv1059,25
1927,Rv3701c,25
1928,Rv0417,25
1929,Rv1808,25
1930,Rv3674c,25
1931,Rv0436c,25
1932,Rv3794,25
1933,Rv2641,25
1934,Rv3903c,25
1935,Rv0117,24
1936,Rv0027,24
1937,Rv3591c,24
1938,Rv0337c,24
1939,Rv1338,24
1940,Rv1711,24
1941,Rv0059,24
1942,Rv0065,24
1943,Rv1342c,24
1944,Rv0324,24
1945,Rv1389,24
1946,Rv2276,24
1947,Rv1595,24
1948,Rv0025,24
1949,Rv3399,24
1950,Rv1998c,24
1951,Rv0855,24
1952,Rv3271c,24
1953,Rv3753c,24
1954,Rv2847c,24
1955,Rv3724B,24
1956,Rv0353,24
1957,Rv2794c,24
1958,Rv0986,24
1959,Rv0184,24
1960,Rv0419,24
1961,Rv3666c,23
1962,Rv1439c,23
1963,Rv3049c,23
1964,Rv3263,23
1965,Rv0438c,23
1966,Rv2522c,23
1967,Rv3013,23
1968,Rv1278,23
1969,Rv1698,23
1970,Rv2948c,23
1971,Rv3260c,23
1972,Rv1151c,23
1973,Rv0340,23
1974,Rv0518,23
1975,Rv2285,23
1976,Rv0385,23
1977,Rv0406c,23
1978,Rv0116c,23
1979,Rv1900c,23
1980,Rv3860,23
1981,Rv1785c,23
1982,Rv2752c,23
1983,Rv2064,23
1984,Rv1864c,22
1985,Rv3548c,22
1986,Rv0743c,22
1987,Rv1605,22
1988,Rv0430,22
1989,Rv1722,22
1990,Rv0770,22
1991,Rv1231c,22
1992,Rv2277c,22
1993,Rv0633c,22
1994,Rv1563c,22
1995,Rv3797,22
1996,Rv0631c,22
1997,Rv2698,22
1998,Rv2192c,22
1999,Rv1495,22
2000,Rv2507,22
2001,Rv0414c,22
2002,Rv2925c,22
2003,Rv0756c,22
2004,Rv0991c,22
2005,Rv1322A,22
2006,Rv1477,22
2007,Rv3487c,22
2008,Rv3564,22
2009,Rv2592c,22
2010,Rv0551c,22
2011,Rv2019,22
2012,Rv1702c,21
2013,Rv1819c,21
2014,Rv3918c,21
2015,Rv1030,21
2016,Rv0409,21
2017,Rv2571c,21
2018,Rv0485,21
2019,Rv2073c,21
2020,Rv1166,21
2021,Rv3552,21
2022,Rv1195,21
2023,Rv2052c,21
2024,Rv3188,21
2025,Rv1385,21
2026,Rv3806c,21
2027,Rv2089c,21
2028,Rv0016c,21
2029,Rv1455,21
2030,Rv3835,21
2031,Rv3357,21
2032,Rv0838,21
2033,Rv2003c,21
2034,Rv3573c,21
2035,Rv1241,21
2036,Rv2063A,21
2037,Rv3365c,21
2038,Rv0307c,20
2039,Rv1281c,20
2040,Rv1421,20
2041,Rv0624,20
2042,Rv2947c,20
2043,Rv2124c,20
2044,Rv2518c,20
2045,Rv2851c,20
2046,Rv3412,20
2047,Rv2704,20
2048,Rv0064A,20
2049,Rv2142A,20
2050,Rv0748,20
2051,Rv0364,20
2052,Rv0196,20
2053,Rv3267,20
2054,Rv1881c,20
2055,Rv2375,20
2056,Rv2221c,20
2057,Rv2583c,20
2058,Rv3052c,20
2059,Rv2380c,20
2060,Rv3700c,19
2061,Rv2263,19
2062,Rv3144c,19
2063,Rv1110,19
2064,Rv3220c,19
2065,Rv1121,19
2066,Rv1016c,19
2067,Rv0846c,19
2068,Rv2825c,19
2069,Rv2379c,19
2070,Rv1332,19
2071,Rv0973c,19
2072,Rv1758,19
2073,Rv2764c,19
2074,Rv1597,19
2075,Rv3031,19
2076,Rv3385c,19
2077,Rv3278c,19
2078,Rv0299,19
2079,Rv3331,19
2080,Rv0382c,19
2081,Rv3915,19
2082,Rv0070c,19
2083,Rv3375,19
2084,Rv1867,19
2085,Rv0593,19
2086,Rv1606,19
2087,Rv2252,19
2088,Rv1748,19
2089,Rv3510c,19
2090,Rv3856c,19
2091,Rv3158,18
2092,Rv2418c,18
2093,Rv0627,18
2094,Rv2530A,18
2095,Rv0061c,18
2096,Rv3843c,18
2097,Rv1169c,18
2098,Rv0348,18
2099,Rv1271c,18
2100,Rv3586,18
2101,Rv3488,18
2102,Rv2021c,18
2103,Rv0032,18
2104,Rv0542c,18
2105,Rv0646c,18
2106,Rv1882c,18
2107,Rv1862,18
2108,Rv1579c,18
2109,Rv2063,18
2110,Rv3711c,18
2111,Rv0142,18
2112,Rv2743c,18
2113,Rv0680c,18
2114,Rv1026,18
2115,Rv2365c,18
2116,Rv3057c,18
2117,Rv0101,17
2118,Rv2026c,17
2119,Rv1472,17
2120,Rv0051,17
2121,Rv3690,17
2122,Rv0752c,17
2123,Rv2808,17
2124,Rv0862c,17
2125,Rv3362c,17
2126,Rv1697,17
2127,Rv3035,17
2128,Rv1618,17
2129,Rv2737c,17
2130,Rv0750,17
2131,Rv3496c,17
2132,Rv2771c,17
2133,Rv1101c,17
2134,Rv3088,17
2135,Rv2728c,17
2136,Rv0162c,17
2137,Rv2474c,17
2138,Rv1850,17
2139,Rv1501,17
2140,Rv2356c,17
2141,Rv1591,17
2142,Rv3766,17
2143,Rv0275c,17
2144,Rv1865c,17
2145,Rv1063c,17
2146,Rv0603,17
2147,Rv1285,17
2148,Rv1954A,17
2149,Rv2101,17
2150,Rv0343,17
2151,Rv0487,17
2152,Rv1632c,17
2153,Rv1118c,17
2154,Rv0763c,17
2155,Rv2326c,17
2156,Rv0967,17
2157,Rv3317,16
2158,Rv3100c,16
2159,Rv1534,16
2160,Rv1069c,16
2161,Rv2018,16
2162,Rv2249c,16
2163,Rv0028,16
2164,Rv3437,16
2165,Rv0472c,16
2166,Rv3296,16
2167,Rv2483c,16
2168,Rv0771,16
2169,Rv3080c,16
2170,Rv0106,16
2171,Rv1719,16
2172,Rv0971c,16
2173,Rv2335,16
2174,Rv2977c,16
2175,Rv1924c,16
2176,Rv1360,16
2177,Rv0904c,16
2178,Rv2958c,16
2179,Rv1761c,16
2180,Rv3430c,16
2181,Rv2147c,16
2182,Rv0660c,16
2183,Rv0826,16
2184,Rv1817,16
2185,Rv1496,16
2186,Rv3234c,16
2187,Rv3836,16
2188,Rv0121c,16
2189,Rv1660,16
2190,Rv1050,15
2191,Rv3494c,15
2192,Rv2915c,15
2193,Rv3259,15
2194,Rv1997,15
2195,Rv0483,15
2196,Rv3691,15
2197,Rv3262,15
2198,Rv1444c,15
2199,Rv1425,15
2200,Rv2242,15
2201,Rv3233c,15
2202,Rv1252c,15
2203,Rv2760c,15
2204,Rv2823c,15
2205,Rv0289,15
2206,Rv1367c,15
2207,Rv0587,15
2208,Rv2870c,15
2209,Rv1224,15
2210,Rv0923c,15
2211,Rv1540,15
2212,Rv1247c,15
2213,Rv3455c,15
2214,Rv0413,15
2215,Rv2616,15
2216,Rv1589,15
2217,Rv2562,14
2218,Rv3145,14
2219,Rv3541c,14
2220,Rv3606c,14
2221,Rv3518c,14
2222,Rv1913,14
2223,Rv3228,14
2224,Rv0221,14
2225,Rv0293c,14
2226,Rv2217,14
2227,Rv3330,14
2228,Rv1020,14
2229,Rv1114,14
2230,Rv1382,14
2231,Rv0941c,14
2232,Rv0043c,14
2233,Rv0107c,14
2234,Rv2926c,14
2235,Rv3855,14
2236,Rv2295,14
2237,Rv3626c,14
2238,Rv3329,14
2239,Rv0404,14
2240,Rv2530c,14
2241,Rv1904,14
2242,Rv3116,14
2243,Rv2552c,14
2244,Rv2463,14
2245,Rv0185,14
2246,Rv2300c,14
2247,Rv2250c,14
2248,Rv3120,14
2249,Rv1410c,13
2250,Rv3266c,13
2251,Rv0252,13
2252,Rv1766,13
2253,Rv0264c,13
2254,Rv3574,13
2255,Rv0328,13
2256,Rv3395A,13
2257,Rv0214,13
2258,Rv1995,13
2259,Rv1111c,13
2260,Rv0807,13
2261,Rv2585c,13
2262,Rv2705c,13
2263,Rv2082,13
2264,Rv1967,13
2265,Rv3559c,13
2266,Rv0245,13
2267,Rv0233,13
2268,Rv3712,13
2269,Rv1989c,13
2270,Rv0852,13
2271,Rv0586,13
2272,Rv3482c,13
2273,Rv0100,13
2274,Rv2610c,13
2275,Rv0589,13
2276,Rv0536,13
2277,Rv2366c,13
2278,Rv3094c,13
2279,Rv0782,13
2280,Rv3077,13
2281,Rv1246c,13
2282,Rv3631,13
2283,Rv3601c,13
2284,Rv2695,12
2285,Rv2964,12
2286,Rv0887c,12
2287,Rv0201c,12
2288,Rv3059,12
2289,Rv0502,12
2290,Rv3909,12
2291,Rv3472,12
2292,Rv1730c,12
2293,Rv1350,12
2294,Rv1816,12
2295,Rv0553,12
2296,Rv3034c,12
2297,Rv0695,12
2298,Rv2010,12
2299,Rv1754c,12
2300,Rv1494,12
2301,Rv3053c,12
2302,Rv1486c,12
2303,Rv0857,12
2304,Rv3291c,12
2305,Rv0365c,12
2306,Rv3024c,12
2307,Rv3645,12
2308,Rv0495c,12
2309,Rv0133,12
2310,Rv3752c,12
2311,Rv2351c,12
2312,Rv3022A,12
2313,Rv1710,12
2314,Rv2763c,12
2315,Rv3724A,12
2316,Rv0829,12
2317,Rv1429,12
2318,Rv2361c,12
2319,Rv3525c,12
2320,Rv2484c,12
2321,Rv2223c,12
2322,Rv1866,12
2323,Rv1259,12
2324,Rv0550c,12
2325,Rv0949,12
2326,Rv3221c,12
2327,Rv0012,12
2328,Rv1685c,12
2329,Rv3550,12
2330,Rv0974c,11
2331,Rv1426c,11
2332,Rv1657,11
2333,Rv0078,11
2334,Rv1979c,11
2335,Rv0312,11
2336,Rv0481c,11
2337,Rv3895c,11
2338,Rv3782,11
2339,Rv1647,11
2340,Rv3419c,11
2341,Rv3576,11
2342,Rv1028c,11
2343,Rv1289,11
2344,Rv0890c,11
2345,Rv3341,11
2346,Rv0344c,11
2347,Rv2671,11
2348,Rv0549c,11
2349,Rv1172c,11
2350,Rv1422,11
2351,Rv3229c,11
2352,Rv2132,11
2353,Rv0215c,11
2354,Rv2775,11
2355,Rv0802c,11
2356,Rv2170,11
2357,Rv0069c,11
2358,Rv2102,11
2359,Rv3093c,11
2360,Rv0103c,11
2361,Rv0232,11
2362,Rv2689c,11
2363,Rv1927,11
2364,Rv0581,11
2365,Rv3617,11
2366,Rv1010,11
2367,Rv3226c,11
2368,Rv1530,11
2369,Rv1838c,11
2370,Rv2846c,11
2371,Rv1828,11
2372,Rv0582,11
2373,Rv3725,11
2374,Rv1809,11
2375,Rv0099,11
2376,Rv1157c,11
2377,Rv1547,11
2378,Rv3406,11
2379,Rv2946c,11
2380,Rv2821c,10
2381,Rv0136,10
2382,Rv2237,10
2383,Rv2173,10
2384,Rv1033c,10
2385,Rv2165c,10
2386,Rv3916c,10
2387,Rv1418,10
2388,Rv1787,10
2389,Rv0919,10
2390,Rv0509,10
2391,Rv3071,10
2392,Rv2062c,10
2393,Rv0080,10
2394,Rv2404c,10
2395,Rv0029,10
2396,Rv0595c,10
2397,Rv1505c,10
2398,Rv2066,10
2399,Rv1982A,10
2400,Rv2938,10
2401,Rv2548A,10
2402,Rv0529,10
2403,Rv1186c,10
2404,Rv2596,10
2405,Rv2609c,10
2406,Rv3523,10
2407,Rv0240,10
2408,Rv0217c,10
2409,Rv3286c,10
2410,Rv3670,10
2411,Rv3538,10
2412,Rv1705c,10
2413,Rv2599,10
2414,Rv2488c,10
2415,Rv2282c,10
2416,Rv3894c,10
2417,Rv3393,10
2418,Rv0179c,10
2419,Rv0415,10
2420,Rv3254,9
2421,Rv2286c,9
2422,Rv3499c,9
2423,Rv2047c,9
2424,Rv1943c,9
2425,Rv1478,9
2426,Rv1108c,9
2427,Rv3247c,9
2428,Rv1048c,9
2429,Rv0556,9
2430,Rv0808,9
2431,Rv1469,9
2432,Rv0778,9
2433,Rv1004c,9
2434,Rv0182c,9
2435,Rv2027c,9
2436,Rv2640c,9
2437,Rv0892,9
2438,Rv0975c,9
2439,Rv3408,9
2440,Rv2104c,9
2441,Rv2407,9
2442,Rv1319c,9
2443,Rv2516c,9
2444,Rv0539,9
2445,Rv1897c,9
2446,Rv1014c,9
2447,Rv2186c,9
2448,Rv1956,9
2449,Rv3832c,9
2450,Rv3705A,9
2451,Rv3544c,9
2452,Rv3731,9
2453,Rv2709,9
2454,Rv1569,9
2455,Rv2332,9
2456,Rv3492c,9
2457,Rv1167c,9
2458,Rv2914c,9
2459,Rv3693,9
2460,Rv0537c,9
2461,Rv3394c,9
2462,Rv3287c,9
2463,Rv2539c,9
2464,Rv2055c,9
2465,Rv3358,9
2466,Rv1485,9
2467,Rv1321,9
2468,Rv2893,9
2469,Rv0239,9
2470,Rv2162c,8
2471,Rv3180c,8
2472,Rv1249c,8
2473,Rv2529,8
2474,Rv2748c,8
2475,Rv1879,8
2476,Rv1823,8
2477,Rv2385,8
2478,Rv3005c,8
2479,Rv3649,8
2480,Rv0768,8
2481,Rv2670c,8
2482,Rv3923c,8
2483,Rv0030,8
2484,Rv0623,8
2485,Rv3087,8
2486,Rv2854,8
2487,Rv3527,8
2488,Rv3316,8
2489,Rv1532c,8
2490,Rv3557c,8
2491,Rv2116,8
2492,Rv1635c,8
2493,Rv3447c,8
2494,Rv1615,8
2495,Rv2307c,8
2496,Rv1022,8
2497,Rv3924c,8
2498,Rv0596c,8
2499,Rv1890c,8
2500,Rv3160c,8
2501,Rv3308,8
2502,Rv1822,8
2503,Rv2669,8
2504,Rv2016,8
2505,Rv1253,8
2506,Rv2348c,8
2507,Rv1610,8
2508,Rv1132,8
2509,Rv3513c,8
2510,Rv1736c,8
2511,Rv1290c,8
2512,Rv3135,8
2513,Rv1393c,8
2514,Rv2164c,8
2515,Rv1424c,8
2516,Rv0597c,8
2517,Rv0256c,8
2518,Rv1176c,8
2519,Rv1262c,8
2520,Rv2169c,8
2521,Rv0937c,8
2522,Rv2559c,8
2523,Rv3885c,8
2524,Rv3647c,8
2525,Rv1576c,7
2526,Rv2900c,7
2527,Rv2008c,7
2528,Rv3007c,7
2529,Rv1173,7
2530,Rv3258c,7
2531,Rv0422c,7
2532,Rv2494,7
2533,Rv1868,7
2534,Rv3677c,7
2535,Rv2349c,7
2536,Rv3405c,7
2537,Rv2747,7
2538,Rv3551,7
2539,Rv0839,7
2540,Rv2637,7
2541,Rv2088,7
2542,Rv1768,7
2543,Rv3366,7
2544,Rv0690c,7
2545,Rv0989c,7
2546,Rv0465c,7
2547,Rv0784,7
2548,Rv0087,7
2549,Rv0490,7
2550,Rv0506,7
2551,Rv3817,7
2552,Rv1621c,7
2553,Rv0609,7
2554,Rv2871,7
2555,Rv3486,7
2556,Rv1661,7
2557,Rv0812,7
2558,Rv3121,7
2559,Rv1992c,7
2560,Rv1207,7
2561,Rv3250c,7
2562,Rv1473,7
2563,Rv1509,7
2564,Rv3765c,7
2565,Rv2957,7
2566,Rv0492c,7
2567,Rv3225c,7
2568,Rv1524,7
2569,Rv2368c,7
2570,Rv3540c,7
2571,Rv1991A,7
2572,Rv0823c,7
2573,Rv0339c,7
2574,Rv1516c,7
2575,Rv3198c,7
2576,Rv0128,7
2577,Rv0003,7
2578,Rv1936,7
2579,Rv0531,7
2580,Rv3181c,7
2581,Rv0765c,7
2582,Rv2218,7
2583,Rv3500c,7
2584,Rv0220,7
2585,Rv0779c,7
2586,Rv1062,7
2587,Rv3521,7
2588,Rv2435c,7
2589,Rv1839c,7
2590,Rv0626,7
2591,Rv2156c,6
2592,Rv0255c,6
2593,Rv1225c,6
2594,Rv3897c,6
2595,Rv3092c,6
2596,Rv0875c,6
2597,Rv0441c,6
2598,Rv2179c,6
2599,Rv1750c,6
2600,Rv2650c,6
2601,Rv3334,6
2602,Rv0726c,6
2603,Rv1140,6
2604,Rv3016,6
2605,Rv3686c,6
2606,Rv1994c,6
2607,Rv2782c,6
2608,Rv1742,6
2609,Rv2234,6
2610,Rv2602,6
2611,Rv0792c,6
2612,Rv0881,6
2613,Rv3784,6
2614,Rv0982,6
2615,Rv1687c,6
2616,Rv0883c,6
2617,Rv3571,6
2618,Rv2154c,6
2619,Rv2413c,6
2620,Rv3173c,6
2621,Rv2188c,6
2622,Rv2181,6
2623,Rv0323c,6
2624,Rv2303c,6
2625,Rv0138,6
2626,Rv2594c,6
2627,Rv2235,6
2628,Rv0729,6
2629,Rv1786,6
2630,Rv1539,6
2631,Rv0082,6
2632,Rv2865,6
2633,Rv2983,6
2634,Rv0145,6
2635,Rv3069,6
2636,Rv2458,6
2637,Rv1153c,6
2638,Rv1366,6
2639,Rv0294,6
2640,Rv2056c,6
2641,Rv1330c,6
2642,Rv0749,6
2643,Rv0945,6
2644,Rv2383c,6
2645,Rv1431,6
2646,Rv2756c,6
2647,Rv0358,6
2648,Rv1318c,6
2649,Rv0425c,6
2650,Rv3714c,6
2651,Rv3919c,6
2652,Rv3730c,6
2653,Rv1560,6
2654,Rv0900,6
2655,Rv1221,6
2656,Rv2725c,6
2657,Rv0092,5
2658,Rv0781,5
2659,Rv1625c,5
2660,Rv0659c,5
2661,Rv0399c,5
2662,Rv0567,5
2663,Rv1526c,5
2664,Rv1535,5
2665,Rv1620c,5
2666,Rv0519c,5
2667,Rv2022c,5
2668,Rv1755c,5
2669,Rv3484,5
2670,Rv0936,5
2671,Rv2513,5
2672,Rv0867c,5
2673,Rv0380c,5
2674,Rv0868c,5
2675,Rv3249c,5
2676,Rv0528,5
2677,Rv3728,5
2678,Rv3398c,5
2679,Rv0286,5
2680,Rv1963c,5
2681,Rv0893c,5
2682,Rv2667,5
2683,Rv2601A,5
2684,Rv3199c,5
2685,Rv2440c,5
2686,Rv3815c,5
2687,Rv0885,5
2688,Rv1960c,5
2689,Rv3082c,5
2690,Rv0848,5
2691,Rv0540,5
2692,Rv3530c,5
2693,Rv1773c,5
2694,Rv3420c,5
2695,Rv3662c,5
2696,Rv0112,5
2697,Rv3081,5
2698,Rv0907,5
2699,Rv3374,5
2700,Rv2017,5
2701,Rv0696,5
2702,Rv2024c,5
2703,Rv2827c,5
2704,Rv3554,5
2705,Rv2830c,5
2706,Rv2125,5
2707,Rv0630c,5
2708,Rv3243c,5
2709,Rv3501c,5
2710,Rv1312,5
2711,Rv3170,5
2712,Rv2910c,5
2713,Rv2388c,5
2714,Rv1227c,5
2715,Rv1701,5
2716,Rv2009,5
2717,Rv1704c,5
2718,Rv2456c,5
2719,Rv1853,5
2720,Rv2548,5
2721,Rv3030,5
2722,Rv3707c,5
2723,Rv0737,5
2724,Rv1407,5
2725,Rv2386c,4
2726,Rv0434,4
2727,Rv2232,4
2728,Rv0035,4
2729,Rv3537,4
2730,Rv1607,4
2731,Rv2833c,4
2732,Rv1164,4
2733,Rv2907c,4
2734,Rv3190c,4
2735,Rv2862c,4
2736,Rv1204c,4
2737,Rv2636,4
2738,Rv0269c,4
2739,Rv0456A,4
2740,Rv1552,4
2741,Rv0897c,4
2742,Rv0226c,4
2743,Rv2966c,4
2744,Rv1255c,4
2745,Rv1666c,4
2746,Rv1691,4
2747,Rv0093c,4
2748,Rv1417,4
2749,Rv0845,4
2750,Rv3531c,4
2751,Rv0840c,4
2752,Rv3338,4
2753,Rv1024,4
2754,Rv3179,4
2755,Rv2041c,4
2756,Rv3675,4
2757,Rv3560c,4
2758,Rv1502,4
2759,Rv3076,4
2760,Rv0381c,4
2761,Rv3032,4
2762,Rv1364c,4
2763,Rv2617c,4
2764,Rv0653c,4
2765,Rv2570,4
2766,Rv1948c,4
2767,Rv2759c,4
2768,Rv0573c,4
2769,Rv0397A,4
2770,Rv1727,4
2771,Rv1723,4
2772,Rv1347c,4
2773,Rv2867c,4
2774,Rv1834,4
2775,Rv3156,4
2776,Rv0277c,4
2777,Rv1982c,4
2778,Rv2820c,4
2779,Rv2849c,4
2780,Rv3529c,4
2781,Rv2829c,4
2782,Rv2803,4
2783,Rv3589,4
2784,Rv3847,4
2785,Rv3663c,4
2786,Rv1283c,4
2787,Rv3829c,4
2788,Rv1835c,4
2789,Rv0938,4
2790,Rv3756c,4
2791,Rv1542c,4
2792,Rv1678,4
2793,Rv0960,4
2794,Rv0856,4
2795,Rv3704c,4
2796,Rv3182,4
2797,Rv2012,4
2798,Rv2517c,4
2799,Rv1032c,4
2800,Rv0998,4
2801,Rv2190c,4
2802,Rv0561c,3
2803,Rv2707,3
2804,Rv2133c,3
2805,Rv2264c,3
2806,Rv0827c,3
2807,Rv2423,3
2808,Rv2758c,3
2809,Rv0276,3
2810,Rv1116,3
2811,Rv1842c,3
2812,Rv1580c,3
2813,Rv3164c,3
2814,Rv3762c,3
2815,Rv2733c,3
2816,Rv2664,3
2817,Rv2618,3
2818,Rv0499,3
2819,Rv1432,3
2820,Rv1129c,3
2821,Rv2033c,3
2822,Rv0098,3
2823,Rv2336,3
2824,Rv2826c,3
2825,Rv1674c,3
2826,Rv3697c,3
2827,Rv1188,3
2828,Rv2872,3
2829,Rv3733c,3
2830,Rv3062,3
2831,Rv2378c,3
2832,Rv2127,3
2833,Rv2757c,3
2834,Rv3549c,3
2835,Rv3898c,3
2836,Rv0459,3
2837,Rv2547,3
2838,Rv2885c,3
2839,Rv0280,3
2840,Rv0366c,3
2841,Rv2231c,3
2842,Rv3327,3
2843,Rv2924c,3
2844,Rv1420,3
2845,Rv2978c,3
2846,Rv1929c,3
2847,Rv3066,3
2848,Rv3524,3
2849,Rv2902c,3
2850,Rv0908,3
2851,Rv2532c,3
2852,Rv1549,3
2853,Rv2337c,3
2854,Rv0693,3
2855,Rv2791c,3
2856,Rv1402,3
2857,Rv3567c,3
2858,Rv0959A,3
2859,Rv1841c,3
2860,Rv3360,3
2861,Rv0790c,3
2862,Rv2690c,3
2863,Rv1888c,3
2864,Rv2824c,3
2865,Rv1873,3
2866,Rv2628,3
2867,Rv0959,3
2868,Rv3736,3
2869,Rv3889c,3
2870,Rv1138c,3
2871,Rv3760,3
2872,Rv2505c,3
2873,Rv0744c,3
2874,Rv0026,3
2875,Rv2313c,3
2876,Rv3632,3
2877,Rv1781c,3
2878,Rv0329c,3
2879,Rv3238c,3
2880,Rv1976c,3
2881,Rv0610c,3
2882,Rv3183,3
2883,Rv0572c,3
2884,Rv1729c,3
2885,Rv2727c,3
2886,Rv3729,3
2887,Rv1460,3
2888,Rv2848c,3
2889,Rv2866,3
2890,Rv1147,3
2891,Rv3363c,3
2892,Rv1553,3
2893,Rv1941,3
2894,Rv2912c,3
2895,Rv0386,3
2896,Rv3625c,3
2897,Rv1027c,3
2898,Rv2397c,2
2899,Rv0078B,2
2900,Rv1237,2
2901,Rv0346c,2
2902,Rv0017c,2
2903,Rv2779c,2
2904,Rv3204,2
2905,Rv3397c,2
2906,Rv2631,2
2907,Rv2974c,2
2908,Rv1644,2
2909,Rv2045c,2
2910,Rv2372c,2
2911,Rv3435c,2
2912,Rv0804,2
2913,Rv2573,2
2914,Rv3703c,2
2915,Rv1578c,2
2916,Rv1551,2
2917,Rv1694,2
2918,Rv2180c,2
2919,Rv0254c,2
2920,Rv0618,2
2921,Rv0494,2
2922,Rv2070c,2
2923,Rv1675c,2
2924,Rv0110,2
2925,Rv0359,2
2926,Rv0387c,2
2927,Rv3167c,2
2928,Rv3361c,2
2929,Rv1405c,2
2930,Rv3783,2
2931,Rv2339,2
2932,Rv3382c,2
2933,Rv0762c,2
2934,Rv1127c,2
2935,Rv1317c,2
2936,Rv1718,2
2937,Rv1348,2
2938,Rv0764c,2
2939,Rv1500,2
2940,Rv1724c,2
2941,Rv3414c,2
2942,Rv3020c,2
2943,Rv1955,2
2944,Rv0995,2
2945,Rv3095,2
2946,Rv2688c,2
2947,Rv1102c,2
2948,Rv0588,2
2949,Rv2119,2
2950,Rv2620c,2
2951,Rv1859,2
2952,Rv3822,2
2953,Rv2745c,2
2954,Rv3613c,2
2955,Rv0037c,2
2956,Rv0135c,2
2957,Rv0822c,2
2958,Rv0143c,2
2959,Rv1395,2
2960,Rv1373,2
2961,Rv0879c,2
2962,Rv3422c,2
2963,Rv3605c,2
2964,Rv0165c,2
2965,Rv2325c,2
2966,Rv2324,2
2967,Rv1148c,2
2968,Rv2425c,2
2969,Rv3421c,2
2970,Rv1473A,2
2971,Rv2471,2
2972,Rv1745c,2
2973,Rv1208,2
2974,Rv2506,2
2975,Rv3083,2
2976,Rv3377c,2
2977,Rv1002c,2
2978,Rv0976c,2
2979,Rv2643,2
2980,Rv1451,2
2981,Rv2840c,2
2982,Rv2381c,2
2983,Rv2393,2
2984,Rv0921,2
2985,Rv2994,2
2986,Rv0090,2
2987,Rv0629c,2
2988,Rv3217c,2
2989,Rv2772c,2
2990,Rv2549c,2
2991,Rv0452,2
2992,Rv0876c,2
2993,Rv0851c,2
2994,Rv3553,2
2995,Rv0625c,2
2996,Rv0886,2
2997,Rv1085c,2
2998,Rv2328,2
2999,Rv1256c,2
3000,Rv1349,2
3001,Rv3391,2
3002,Rv0806c,2
3003,Rv3288c,2
3004,Rv1009,2
3005,Rv3694c,2
3006,Rv0122,2
3007,Rv2796c,1
3008,Rv2652c,1
3009,Rv0671,1
3010,Rv1212c,1
3011,Rv1760,1
3012,Rv1433,1
3013,Rv3252c,1
3014,Rv0918,1
3015,Rv0592,1
3016,Rv0728c,1
3017,Rv0544c,1
3018,Rv1277,1
3019,Rv0367c,1
3020,Rv2049c,1
3021,Rv2877c,1
3022,Rv2382c,1
3023,Rv1945,1
3024,Rv3792,1
3025,Rv1440,1
3026,Rv1183,1
3027,Rv1205,1
3028,Rv1895,1
3029,Rv2612c,1
3030,Rv2735c,1
3031,Rv2450c,1
3032,Rv3337,1
3033,Rv0204c,1
3034,Rv0620,1
3035,Rv1125,1
3036,Rv0335c,1
3037,Rv0619,1
3038,Rv3884c,1
3039,Rv2219A,1
3040,Rv0534c,1
3041,Rv1168c,1
3042,Rv1081c,1
3043,Rv3698,1
3044,Rv2084,1
3045,Rv3078,1
3046,Rv0325,1
3047,Rv3831,1
3048,Rv1031,1
3049,Rv0113,1
3050,Rv3830c,1
3051,Rv1550,1
3052,Rv3922c,1
3053,Rv2468A,1
3054,Rv1664,1
3055,Rv3415c,1
3056,Rv1985c,1
3057,Rv3190A,1
3058,Rv0049,1
3059,Rv1634,1
3060,Rv0157A,1
3061,Rv1272c,1
3062,Rv2370c,1
3063,Rv2918c,1
3064,Rv0302,1
3065,Rv3378c,1
3066,Rv3542c,1
3067,Rv1251c,1
3068,Rv2879c,1
3069,Rv0205,1
3070,Rv3312c,1
3071,Rv2920c,1
3072,Rv1772,1
3073,Rv0691c,1
3074,Rv2802c,1
3075,Rv0987,1
3076,Rv2136c,1
3077,Rv2899c,1
3078,Rv3055,1
3079,Rv0869c,1
3080,Rv1366A,1
3081,Rv3785,1
3082,Rv2659c,1
3083,Rv2832c,1
3084,Rv2809,1
3085,Rv3277,1
3086,Rv0988,1
3087,Rv3594,1
3088,Rv2880c,1
3089,Rv0735,1
3090,Rv0775,1
3091,Rv1228,1
3092,Rv3138,1
3093,Rv0377,1
3094,Rv3452,1
3095,Rv1401,1
3096,Rv2120c,1
3097,Rv1503c,1
3098,Rv2972c,1
3099,Rv0789c,1
3100,Rv3539,1
3101,Rv0628c,1
3102,Rv1371,1
3103,Rv2990c,1
3104,Rv1065,1
3105,Rv3821,1
3106,Rv2776c,1
3107,Rv2514c,1
3108,Rv1716,1
3109,Rv0010c,1
3110,Rv3136A,1
3111,Rv1520,1
3112,Rv1123c,1
3113,Rv2093c,1
3114,Rv2352c,1
3115,Rv1042c,1
3116,Rv1149,1
3117,Rv2275,1
3118,Rv3096,1
3119,Rv0692,1
3120,Rv3037c,1
3121,Rv0935,1
3122,Rv3585,1
3123,Rv1457c,1
3124,Rv0376c,1
3125,Rv3085,1
3126,Rv2072c,1
3127,Rv0212c,1
3128,Rv0327c,1
3129,Rv2544,1
3130,Rv1804c,1
3131,Rv3833,1
3132,Rv2025c,1
3133,Rv1585c,1
3134,Rv2519,1
3135,Rv0929,1
3136,Rv0650,1
3137,Rv3787c,1
3138,Rv1282c,1
3139,Rv2146c,1
3140,Rv1725c,1
3141,Rv1765c,1
3142,Rv2205c,1
3143,Rv3737,1
3144,Rv0950c,1
3145,Rv1043c,1
3146,Rv0837c,1
3147,Rv3689,1
3148,Rv2515c,1
3149,Rv0004,1
3150,Rv1709,0
3151,Rv0102,0
3152,Rv3209,0
3153,Rv3359,0
3154,Rv2828A,0
3155,Rv0402c,0
3156,Rv3084,0
3157,Rv1456c,0
3158,Rv2917,0
3159,Rv2645,0
3160,Rv0326,0
3161,Rv0766c,0
3162,Rv2621c,0
3163,Rv1775,0
3164,Rv1562c,0
3165,Rv1673c,0
3166,Rv3416,0
3167,Rv1236,0
3168,Rv3333c,0
3169,Rv0260c,0
3170,Rv1302,0
3171,Rv1690,0
3172,Rv1728c,0
3173,Rv0530A,0
3174,Rv3735,0
3175,Rv1622c,0
3176,Rv2638,0
3177,Rv3635,0
3178,Rv2997,0
3179,Rv1515c,0
3180,Rv3347c,0
3181,Rv0446c,0
3182,Rv2797c,0
3183,Rv0602c,0
3184,Rv2905,0
3185,Rv3017c,0
3186,Rv2746c,0
3187,Rv0058,0
3188,Rv1870c,0
3189,Rv3665c,0
3190,Rv2864c,0
3191,Rv3905c,0
3192,Rv0306,0
3193,Rv2886c,0
3194,Rv3769,0
3195,Rv2723,0
3196,Rv2608,0
3197,Rv0442c,0
3198,Rv1577c,0
3199,Rv1000c,0
3200,Rv2399c,0
3201,Rv1800,0
3202,Rv2975c,0
3203,Rv1139c,0
3204,Rv1999c,0
3205,Rv3481c,0
3206,Rv1159,0
3207,Rv0755A,0
3208,Rv2973c,0
3209,Rv3848,0
3210,Rv2736c,0
3211,Rv0517,0
3212,Rv1189,0
3213,Rv1537,0
3214,Rv0258c,0
3215,Rv2798c,0
3216,Rv1226c,0
3217,Rv3403c,0
3218,Rv0674,0
3219,Rv0114,0
3220,Rv0218,0
3221,Rv3174,0
3222,Rv0557,0
3223,Rv2485c,0
3224,Rv2287,0
3225,Rv0924c,0
3226,Rv3427c,0
3227,Rv2038c,0
3228,Rv1337,0
3229,Rv0579,0
3230,Rv2943,0
3231,Rv1005c,0
3232,Rv3697A,0
3233,Rv3681c,0
3234,Rv1565c,0
3235,Rv1135c,0
3236,Rv0657c,0
3237,Rv0084,0
3238,Rv1525,0
3239,Rv2822c,0
3240,Rv0849,0
3241,Rv2236c,0
3242,Rv2443,0
3243,Rv0891c,0
3244,Rv3171c,0
3245,Rv1254,0
3246,Rv1903,0
3247,Rv1921c,0
3248,Rv1344,0
3249,Rv2011c,0
3250,Rv2311,0
3251,Rv0591,0
3252,Rv1343c,0
3253,Rv1088,0
3254,Rv2663,0
3255,Rv0345,0
3256,Rv2630,0
3257,Rv1453,0
3258,Rv3300c,0
3259,Rv1075c,0
3260,Rv3098A,0
3261,Rv1973,0
3262,Rv0594,0
3263,Rv3473c,0
3264,Rv1801,0
3265,Rv1394c,0
3266,Rv1616,0
3267,Rv3060c,0
3268,Rv3812,0
3269,Rv3324A,0
3270,Rv1376,0
3271,Rv0578c,0
3272,Rv1662,0
3273,Rv0160c,0
3274,Rv2077c,0
3275,Rv1273c,0
3276,Rv0064,0
3277,Rv3379c,0
3278,Rv1776c,0
3279,Rv2761c,0
3280,Rv2550c,0
3281,Rv0920c,0
3282,Rv2642,0
3283,Rv2108,0
3284,Rv2819c,0
3285,Rv2227,0
3286,Rv1715,0
3287,Rv1300,0
3288,Rv2266,0
3289,Rv3444c,0
3290,Rv1541c,0
3291,Rv1624c,0
3292,Rv2685,0
3293,Rv1806,0
3294,Rv2777c,0
3295,Rv3811,0
3296,Rv2577,0
3297,Rv3757c,0
3298,Rv3476c,0
3299,Rv1510,0
3300,Rv3335c,0
3301,Rv2015c,0
3302,Rv0236c,0
3303,Rv1681,0
3304,Rv0605,0
3305,Rv2020c,0
3306,Rv3506,0
3307,Rv1029,0
3308,Rv3577,0
3309,Rv3165c,0
3310,Rv3056,0
3311,Rv0209,0
3312,Rv1937,0
3313,Rv3402c,0
3314,Rv0083,0
3315,Rv0268c,0
3316,Rv1128c,0
3317,Rv0725c,0
3318,Rv2176,0
3319,Rv3253c,0
3320,Rv2189c,0
3321,Rv1858,0
3322,Rv0878c,0
3323,Rv3532,0
3324,Rv2340c,0
3325,Rv0541c,0
3326,Rv0085,0
3327,Rv3032A,0
3328,Rv0915c,0
3329,Rv0322,0
3330,Rv3630,0
3331,Rv3823c,0
3332,Rv3517,0
3333,Rv0115,0
3334,Rv0930,0
3335,Rv0736,0
3336,Rv3176c,0
3337,Rv0194,0
3338,Rv3429,0
3339,Rv1645c,0
3340,Rv0585c,0
3341,Rv2800,0
3342,Rv3202c,0
3343,Rv0420c,0
3344,Rv1930c,0
3345,Rv2817c,0
3346,Rv1057,0
3347,Rv1811,0
3348,Rv3912,0
3349,Rv1935c,0
3350,Rv0225,0
3351,Rv3027c,0
3352,Rv2318,0
3353,Rv1313c,0
3354,Rv3798,0
3355,Rv1845c,0
3356,Rv1146,0
3357,Rv0990c,0
3358,Rv0375c,0
3359,Rv1076,0
3360,Rv2434c,0
3361,Rv3558,0
3362,Rv1790,0
3363,Rv0132c,0
3364,Rv3371,0
3365,Rv2163c,0
3366,Rv3111,0
3367,Rv0874c,0
3368,Rv3727,0
3369,Rv3640c,0
3370,Rv3175,0
3371,Rv1491c,0
3372,Rv0021c,0
3373,Rv0362,0
3374,Rv0648,0
3375,Rv0273c,0
3376,Rv2436,0
3377,Rv1047,0
3378,Rv1199c,0
3379,Rv2512c,0
3380,Rv3023c,0
3381,Rv3115,0
3382,Rv1720c,0
3383,Rv3353c,0
3384,Rv2333c,0
3385,Rv1034c,0
3386,Rv1889c,0
3387,Rv1250,0
3388,Rv2812,0
3389,Rv3639c,0
3390,Rv2666,0
3391,Rv0336,0
3392,Rv0515,0
3393,Rv1777,0
3394,Rv0980c,0
3395,Rv0978c,0
3396,Rv1358,0
3397,Rv1522c,0
3398,Rv1012,0
3399,Rv3450c,0
3400,Rv2424c,0
3401,Rv1120c,0
3402,Rv3008,0
